{"cameraMode":{"drawMode":0,"name":"Shaded","section":"Shading Mode"},"sceneLighting":true,"audioPlay":false,"sceneViewState":{"m_AlwaysRefresh":false,"showFog":true,"showSkybox":true,"showFlares":true,"showImageEffects":true,"showParticleSystems":true,"showVisualEffectGraphs":true,"m_FxEnabled":true},"in2DMode":false,"pivot":{"x":0.26097118854522707,"y":-0.032377392053604129,"z":0.3021829128265381},"rotation":{"x":-0.22786889970302583,"y":0.21465879678726197,"z":-0.05157710239291191,"w":-0.9483439326286316},"size":163.87454223632813,"orthographic":false}